<?xml version='1.0' encoding='UTF-8'?>
<Rifas>
<Rifa><NumRifa>221</NumRifa> <NomeRifa>Vera Sousa</NomeRifa></Rifa>
<Rifa><NumRifa>222</NumRifa> <NomeRifa>Vera Sousa</NomeRifa></Rifa>
<Rifa><NumRifa>223</NumRifa> <NomeRifa>Maksym Yavorenko</NomeRifa></Rifa>
<Rifa><NumRifa>224</NumRifa> <NomeRifa>Svitlana Yavorenko</NomeRifa></Rifa>
<Rifa><NumRifa>225</NumRifa> <NomeRifa>Lúcia Rodrigues</NomeRifa></Rifa>
<Rifa><NumRifa>226</NumRifa> <NomeRifa>Vera Sousa</NomeRifa></Rifa>
<Rifa><NumRifa>227</NumRifa> <NomeRifa>Carlos Miranda</NomeRifa></Rifa>
<Rifa><NumRifa>228</NumRifa> <NomeRifa>Carlos Miranda</NomeRifa></Rifa>
<Rifa><NumRifa>229</NumRifa> <NomeRifa>Paulo Ribeiro</NomeRifa></Rifa>
<Rifa><NumRifa>230</NumRifa> <NomeRifa>Paulo Ribeiro</NomeRifa></Rifa>
<Rifa><NumRifa>231</NumRifa> <NomeRifa>Artur Mendes</NomeRifa></Rifa>
<Rifa><NumRifa>232</NumRifa> <NomeRifa>Rúben Guimarães</NomeRifa></Rifa>
<Rifa><NumRifa>233</NumRifa> <NomeRifa>Rúben Guimarães</NomeRifa></Rifa>
<Rifa><NumRifa>234</NumRifa> <NomeRifa>Oleksandr Yavorenko</NomeRifa></Rifa>
<Rifa><NumRifa>235</NumRifa> <NomeRifa>Tatiana Sousa</NomeRifa></Rifa>
<Rifa><NumRifa>236</NumRifa> <NomeRifa>Tatiana Sousa</NomeRifa></Rifa>
<Rifa><NumRifa>237</NumRifa> <NomeRifa>Ricardo Amaro</NomeRifa></Rifa>
<Rifa><NumRifa>238</NumRifa> <NomeRifa>Maksym Yavorenko</NomeRifa></Rifa>
<Rifa><NumRifa>261</NumRifa> <NomeRifa>André Marques</NomeRifa></Rifa>
<Rifa><NumRifa>262</NumRifa> <NomeRifa>Teresa Marques</NomeRifa></Rifa>
<Rifa><NumRifa>263</NumRifa> <NomeRifa>Spartacus Silva</NomeRifa></Rifa>
<Rifa><NumRifa>264</NumRifa> <NomeRifa>Spartacus Silva</NomeRifa></Rifa>
<Rifa><NumRifa>265</NumRifa> <NomeRifa>Spartacus Silva</NomeRifa></Rifa>
<Rifa><NumRifa>266</NumRifa> <NomeRifa>Manuel Fransisco</NomeRifa></Rifa>
<Rifa><NumRifa>267</NumRifa> <NomeRifa>Manuel Fransisco</NomeRifa></Rifa>
<Rifa><NumRifa>268</NumRifa> <NomeRifa>Francisco Barbosa</NomeRifa></Rifa>
<Rifa><NumRifa>269</NumRifa> <NomeRifa>Carolina Ribeiro</NomeRifa></Rifa>
<Rifa><NumRifa>270</NumRifa> <NomeRifa>Carolina Ribeiro</NomeRifa></Rifa>
<Rifa><NumRifa>271</NumRifa> <NomeRifa>Carolina Ribeiro</NomeRifa></Rifa>
<Rifa><NumRifa>272</NumRifa> <NomeRifa>Carolina Ribeiro</NomeRifa></Rifa>
<Rifa><NumRifa>273</NumRifa> <NomeRifa>Carolina Ribeiro</NomeRifa></Rifa>
<Rifa><NumRifa>274</NumRifa> <NomeRifa>Sandro Silva</NomeRifa></Rifa>
<Rifa><NumRifa>275</NumRifa> <NomeRifa>Sandro Silva</NomeRifa></Rifa>
<Rifa><NumRifa>276</NumRifa> <NomeRifa>João Pedro</NomeRifa></Rifa>
<Rifa><NumRifa>277</NumRifa> <NomeRifa>João Pedro</NomeRifa></Rifa>
<Rifa><NumRifa>278</NumRifa> <NomeRifa>João Pedro</NomeRifa></Rifa>
<Rifa><NumRifa>279</NumRifa> <NomeRifa>João Pedro</NomeRifa></Rifa>
<Rifa><NumRifa>280</NumRifa> <NomeRifa>João Pedro</NomeRifa></Rifa>
<Rifa><NumRifa>281</NumRifa> <NomeRifa>Juro Joca</NomeRifa></Rifa>
<Rifa><NumRifa>282</NumRifa> <NomeRifa>Juro Joca</NomeRifa></Rifa>
<Rifa><NumRifa>283</NumRifa> <NomeRifa>Juro Joca</NomeRifa></Rifa>
<Rifa><NumRifa>284</NumRifa> <NomeRifa>Juro Joca</NomeRifa></Rifa>
<Rifa><NumRifa>285</NumRifa> <NomeRifa>Juro Joca</NomeRifa></Rifa>
<Rifa><NumRifa>286</NumRifa> <NomeRifa>Bruno Alves</NomeRifa></Rifa>
<Rifa><NumRifa>287</NumRifa> <NomeRifa>Bruno Alves</NomeRifa></Rifa>
<Rifa><NumRifa>288</NumRifa> <NomeRifa>Francisco Ruivo</NomeRifa></Rifa>
<Rifa><NumRifa>289</NumRifa> <NomeRifa>Francisco Ruivo</NomeRifa></Rifa>
<Rifa><NumRifa>290</NumRifa> <NomeRifa>Francisco Ruivo</NomeRifa></Rifa>
<Rifa><NumRifa>291</NumRifa> <NomeRifa>António Lima</NomeRifa></Rifa>
<Rifa><NumRifa>292</NumRifa> <NomeRifa>António Lima</NomeRifa></Rifa>
<Rifa><NumRifa>293</NumRifa> <NomeRifa>Rodrigo Pilar</NomeRifa></Rifa>
<Rifa><NumRifa>294</NumRifa> <NomeRifa>Rodrigo Pilar</NomeRifa></Rifa>
<Rifa><NumRifa>295</NumRifa> <NomeRifa>Rodrigo Pilar</NomeRifa></Rifa>
<Rifa><NumRifa>296</NumRifa> <NomeRifa>Rodrigo Pilar</NomeRifa></Rifa>
<Rifa><NumRifa>297</NumRifa> <NomeRifa>Rodrigo Pilar</NomeRifa></Rifa>
<Rifa><NumRifa>298</NumRifa> <NomeRifa>Rodrigo Pilar</NomeRifa></Rifa>
<Rifa><NumRifa>299</NumRifa> <NomeRifa>Rodrigo Pilar</NomeRifa></Rifa>
<Rifa><NumRifa>300</NumRifa> <NomeRifa>Rodrigo Pilar</NomeRifa></Rifa>
<Rifa><NumRifa>481</NumRifa> <NomeRifa>Rúben Guimarães</NomeRifa></Rifa>
<Rifa><NumRifa>482</NumRifa> <NomeRifa>Tiago Pereira</NomeRifa></Rifa>
<Rifa><NumRifa>483</NumRifa> <NomeRifa>Ana Fernandes</NomeRifa></Rifa>
<Rifa><NumRifa>484</NumRifa> <NomeRifa>Júlio Araújo</NomeRifa></Rifa>
<Rifa><NumRifa>485</NumRifa> <NomeRifa>Júlio Araújo</NomeRifa></Rifa>
<Rifa><NumRifa>486</NumRifa> <NomeRifa>Júlio Araújo</NomeRifa></Rifa>
<Rifa><NumRifa>487</NumRifa> <NomeRifa>Júlio Araújo</NomeRifa></Rifa>
<Rifa><NumRifa>488</NumRifa> <NomeRifa>Júlio Araújo</NomeRifa></Rifa>
<Rifa><NumRifa>489</NumRifa> <NomeRifa>Pedro Carneiro</NomeRifa></Rifa>
<Rifa><NumRifa>490</NumRifa> <NomeRifa>Pedro Carneiro</NomeRifa></Rifa>
<Rifa><NumRifa>491</NumRifa> <NomeRifa>Pedro Carneiro</NomeRifa></Rifa>
<Rifa><NumRifa>492</NumRifa> <NomeRifa>Pedro Carneiro</NomeRifa></Rifa>
<Rifa><NumRifa>493</NumRifa> <NomeRifa>Pedro Carneiro</NomeRifa></Rifa>
<Rifa><NumRifa>494</NumRifa> <NomeRifa>João Cunha</NomeRifa></Rifa>
<Rifa><NumRifa>495</NumRifa> <NomeRifa>João Cunha</NomeRifa></Rifa>
<Rifa><NumRifa>496</NumRifa> <NomeRifa>João Cunha</NomeRifa></Rifa>
<Rifa><NumRifa>497</NumRifa> <NomeRifa>João Cunha</NomeRifa></Rifa>
<Rifa><NumRifa>498</NumRifa> <NomeRifa>João Cunha</NomeRifa></Rifa>
<Rifa><NumRifa>499</NumRifa> <NomeRifa>Joana Araújo</NomeRifa></Rifa>
<Rifa><NumRifa>500</NumRifa> <NomeRifa>Joana Araújo</NomeRifa></Rifa>
</Rifas>
